feature,mean_shap
qa_sentiment,0.005950318416820553
qa_neutral_ratio,0.0037640420275361942
qa_sentiment_volatility,0.002834228954649725
sentiment_surprise,0.0028303982943602827
mgmt_neutral_ratio,0.0027997823673268562
net_sentiment,0.002563445932678622
mgmt_sentiment,0.0022137971480719757
qa_negative_ratio,0.0014433354756692917
negative_ratio,0.0014099111070901536
risk_score,0.0009513319994805419
